trip,program,cabin,stops,tax_currency,travel_dates_with_seats,points_min,points_median,points_max,taxes_median,carriers_most_seen,first_travel_date,last_travel_date,last_seen_from,last_seen_to,source
CDG-AUH,aeroplan,J,0,CAD,8,114300,114300,114300,266.80,EY,2026-09-30,2026-11-19,2026-09-27,2026-09-28,https://seats.aero/search?origins=CDG&destinations=AUH
CDG-AUH,aeroplan,J,1,CAD,53,40000,40000,112400,270.50,MS,2026-09-29,2026-11-23,2026-09-25,2026-09-28,https://seats.aero/search?origins=CDG&destinations=AUH
CDG-AUH,aeroplan,Y,0,CAD,40,61000,61000,61000,162.30,EY,2026-09-29,2026-11-23,2026-09-25,2026-09-28,https://seats.aero/search?origins=CDG&destinations=AUH
CDG-AUH,aeroplan,Y,1,CAD,55,30000,30000,30000,166.00,GF/MS/TK,2026-09-29,2026-11-23,2026-09-25,2026-09-28,https://seats.aero/search?origins=CDG&destinations=AUH
CDG-AUH,etihad,J,0,USD,22,70000,70000,70000,456.40,EY,2026-10-13,2026-11-23,2026-09-25,2026-09-28,https://seats.aero/search?origins=CDG&destinations=AUH
CDG-AUH,etihad,J,1,USD,30,80000,80000,90000,553.80,AF/DE/EY,2026-10-14,2026-11-23,2026-09-25,2026-09-28,https://seats.aero/search?origins=CDG&destinations=AUH
CDG-AUH,etihad,Y,0,USD,54,30000,30000,30000,192.50,EY,2026-10-01,2026-11-23,2026-09-25,2026-09-28,https://seats.aero/search?origins=CDG&destinations=AUH
CDG-AUH,etihad,Y,1,USD,44,31000,31000,50000,249.90,AF/EY,2026-09-30,2026-11-23,2026-09-25,2026-09-28,https://seats.aero/search?origins=CDG&destinations=AUH
CDG-AUH,flyingblue,Y,0,USD,1,26000,26000,26000,163.00,EY,2026-11-06,2026-11-06,2026-09-24,2026-09-24,https://seats.aero/search?origins=CDG&destinations=AUH
CDG-AUH,flyingblue,Y,1,USD,1,31500,31500,31500,156.80,AF/EY,2026-11-06,2026-11-06,2026-09-24,2026-09-24,https://seats.aero/search?origins=CDG&destinations=AUH
EWR-LHR,aeroplan,J,1,CAD,5,75000,75000,75000,117.80,OS,2026-10-11,2026-10-19,2026-09-28,2026-09-28,https://seats.aero/search?origins=EWR&destinations=LHR
EWR-LHR,aeroplan,Y,0,CAD,39,40000,40000,40000,79.90,UA,2026-09-29,2026-11-18,2026-09-27,2026-09-28,https://seats.aero/search?origins=EWR&destinations=LHR
EWR-LHR,aeroplan,Y,1,CAD,51,32500,35991,52020,79.90,AC/AZ/UA,2026-09-29,2026-11-19,2026-09-27,2026-09-28,https://seats.aero/search?origins=EWR&destinations=LHR
EWR-LHR,united,J,1,USD,3,88000,88000,88000,28.80,LO,2026-10-15,2026-11-16,2026-09-27,2026-09-28,https://seats.aero/search?origins=EWR&destinations=LHR
EWR-LHR,united,Y,0,USD,49,40000,40000,51100,5.60,UA,2026-09-29,2026-11-25,2026-09-27,2026-09-28,https://seats.aero/search?origins=EWR&destinations=LHR
EWR-LHR,united,Y,1,USD,54,40000,40000,69800,5.60,UA,2026-09-29,2026-11-25,2026-09-27,2026-09-28,https://seats.aero/search?origins=EWR&destinations=LHR
EWR-SFO,aeroplan,Y,0,CAD,9,17500,17500,17500,46.90,UA,2026-10-24,2026-11-18,2026-09-24,2026-09-28,https://seats.aero/search?origins=EWR&destinations=SFO
EWR-SFO,aeroplan,Y,1,CAD,35,17500,17500,25000,46.90,UA,2026-09-29,2026-11-18,2026-09-24,2026-09-28,https://seats.aero/search?origins=EWR&destinations=SFO
EWR-SFO,united,J,1,USD,43,80000,80000,100000,5.60,UA,2026-09-29,2026-11-19,2026-09-24,2026-09-28,https://seats.aero/search?origins=EWR&destinations=SFO
EWR-SFO,united,Y,0,USD,42,15000,30900,44500,5.60,UA,2026-09-29,2026-11-20,2026-09-22,2026-09-28,https://seats.aero/search?origins=EWR&destinations=SFO
EWR-SFO,united,Y,1,USD,36,15000,15000,58700,5.60,UA,2026-09-29,2026-11-19,2026-09-24,2026-09-28,https://seats.aero/search?origins=EWR&destinations=SFO
JFK-AUH,aeroplan,J,1,CAD,6,128300,142100,143100,116.95,EY/LX,2026-10-04,2026-10-20,2026-09-27,2026-09-28,https://seats.aero/search?origins=JFK&destinations=AUH
JFK-AUH,aeroplan,Y,0,CAD,28,76800,76800,76800,81.80,EY,2026-09-29,2026-10-26,2026-09-27,2026-09-28,https://seats.aero/search?origins=JFK&destinations=AUH
JFK-AUH,aeroplan,Y,1,CAD,56,60000,60000,60000,92.00,MS/TK,2026-09-29,2026-11-25,2026-09-27,2026-09-28,https://seats.aero/search?origins=JFK&destinations=AUH
JFK-AUH,etihad,J,0,USD,8,120000,120000,120000,579.90,EY,2026-10-22,2026-11-19,2026-09-28,2026-09-28,https://seats.aero/search?origins=JFK&destinations=AUH
JFK-AUH,etihad,J,1,USD,5,140000,159999,159999,604.10,AA/EY,2026-10-21,2026-11-16,2026-09-26,2026-09-28,https://seats.aero/search?origins=JFK&destinations=AUH
JFK-AUH,etihad,Y,0,USD,57,60000,60000,60000,224.90,EY,2026-09-29,2026-11-24,2026-09-26,2026-09-28,https://seats.aero/search?origins=JFK&destinations=AUH
JFK-AUH,etihad,Y,1,USD,55,66000,66000,85000,229.40,AA/EY,2026-09-29,2026-11-24,2026-09-26,2026-09-28,https://seats.aero/search?origins=JFK&destinations=AUH
JFK-AUH,flyingblue,Y,1,USD,24,50000,50500,120500,208.00,EY/VS,2026-10-03,2026-11-21,2026-09-25,2026-09-28,https://seats.aero/search?origins=JFK&destinations=AUH
YUL-CDG,aeroplan,J,1,CAD,17,75000,110000,198854,143.31,AV,2026-10-06,2026-11-16,2026-09-23,2026-09-28,https://seats.aero/search?origins=YUL&destinations=CDG
YUL-CDG,aeroplan,Y,0,CAD,25,34847,55434,67667,80.41,AC,2026-10-12,2026-11-16,2026-09-19,2026-09-28,https://seats.aero/search?origins=YUL&destinations=CDG
YUL-CDG,aeroplan,Y,1,CAD,49,32500,34118,75000,153.01,AC/UA,2026-09-29,2026-11-16,2026-09-19,2026-09-28,https://seats.aero/search?origins=YUL&destinations=CDG
YUL-CDG,etihad,Y,0,USD,31,45000,45000,45000,159.60,AF,2026-10-14,2026-11-24,2026-09-26,2026-09-28,https://seats.aero/search?origins=YUL&destinations=CDG
YUL-CDG,etihad,Y,1,USD,8,51000,51000,65000,95.50,AC,2026-10-05,2026-11-24,2026-09-26,2026-09-28,https://seats.aero/search?origins=YUL&destinations=CDG
YUL-CDG,flyingblue,Y,0,USD,29,25000,31500,59000,159.40,AF,2026-09-29,2026-11-04,2026-09-21,2026-09-28,https://seats.aero/search?origins=YUL&destinations=CDG
YUL-CDG,flyingblue,Y,1,USD,33,25000,31500,71500,189.60,KL,2026-09-29,2026-11-04,2026-09-21,2026-09-28,https://seats.aero/search?origins=YUL&destinations=CDG
YUL-CDG,united,J,1,USD,5,88000,88000,88000,74.50,LX,2026-10-12,2026-11-17,2026-09-22,2026-09-25,https://seats.aero/search?origins=YUL&destinations=CDG
YUL-CDG,united,Y,0,USD,10,44000,44000,44000,57.50,AC,2026-10-12,2026-11-16,2026-09-22,2026-09-27,https://seats.aero/search?origins=YUL&destinations=CDG
YUL-CDG,united,Y,1,USD,49,40000,44000,67500,80.83,AC/AZ/QK/UA,2026-09-29,2026-11-20,2026-09-20,2026-09-28,https://seats.aero/search?origins=YUL&destinations=CDG
YUL-YYZ,aeroplan,J,0,CAD,48,17307,17624,38473,56.86,AC,2026-09-29,2026-11-16,2026-09-17,2026-09-28,https://seats.aero/search?origins=YUL&destinations=YYZ
YUL-YYZ,aeroplan,J,1,CAD,25,26579,31117,42933,56.86,AC,2026-09-29,2026-11-16,2026-09-17,2026-09-22,https://seats.aero/search?origins=YUL&destinations=YYZ
YUL-YYZ,aeroplan,Y,0,CAD,48,12652,14147,25559,56.86,AC,2026-09-29,2026-11-16,2026-09-17,2026-09-28,https://seats.aero/search?origins=YUL&destinations=YYZ
YUL-YYZ,aeroplan,Y,1,CAD,5,15000,15000,15000,152.74,AC/PB,2026-10-28,2026-11-12,2026-09-18,2026-09-28,https://seats.aero/search?origins=YUL&destinations=YYZ
YUL-YYZ,etihad,J,0,USD,51,19858,19858,19858,94.80,AC,2026-09-29,2026-11-26,2026-09-28,2026-09-28,https://seats.aero/search?origins=YUL&destinations=YYZ
YUL-YYZ,etihad,J,1,USD,8,19858,19858,39716,94.80,AC,2026-09-29,2026-11-15,2026-09-28,2026-09-28,https://seats.aero/search?origins=YUL&destinations=YYZ
YUL-YYZ,etihad,Y,0,USD,59,5958,5958,5958,66.70,AC,2026-09-29,2026-11-26,2026-09-28,2026-09-28,https://seats.aero/search?origins=YUL&destinations=YYZ
YUL-YYZ,etihad,Y,1,USD,48,5958,5958,11916,66.70,AC,2026-09-29,2026-11-26,2026-09-28,2026-09-28,https://seats.aero/search?origins=YUL&destinations=YYZ
YUL-YYZ,flyingblue,J,1,USD,38,28500,29000,34000,84.65,DL,2026-10-18,2026-11-26,2026-09-03,2026-09-28,https://seats.aero/search?origins=YUL&destinations=YYZ
YUL-YYZ,flyingblue,Y,0,USD,45,5000,5000,5000,37.99,WS,2026-09-29,2026-11-26,2026-09-28,2026-09-28,https://seats.aero/search?origins=YUL&destinations=YYZ
YUL-YYZ,flyingblue,Y,1,USD,19,11000,11000,19000,76.15,DL,2026-10-21,2026-11-25,2026-09-28,2026-09-28,https://seats.aero/search?origins=YUL&destinations=YYZ
YUL-YYZ,united,J,0,USD,39,45000,45000,45000,33.20,AC/QK,2026-09-29,2026-11-13,2026-09-15,2026-09-28,https://seats.aero/search?origins=YUL&destinations=YYZ
YUL-YYZ,united,J,1,USD,7,45000,45000,45000,33.20,QK/RV,2026-09-29,2026-11-12,2026-09-15,2026-09-27,https://seats.aero/search?origins=YUL&destinations=YYZ
YUL-YYZ,united,Y,0,USD,46,17500,17500,17500,33.20,AC,2026-09-29,2026-11-13,2026-09-15,2026-09-28,https://seats.aero/search?origins=YUL&destinations=YYZ
YUL-YYZ,united,Y,1,USD,37,17500,17500,17500,33.20,AC,2026-09-29,2026-11-13,2026-09-15,2026-09-27,https://seats.aero/search?origins=YUL&destinations=YYZ
YVR-NRT,aeroplan,Y,0,CAD,14,87575,87575,98220,60.67,AC,2026-10-07,2026-11-18,2026-09-28,2026-09-28,https://seats.aero/search?origins=YVR&destinations=NRT
YVR-NRT,aeroplan,Y,1,CAD,33,50000,51918,98039,133.27,AC/UA,2026-10-01,2026-11-18,2026-09-28,2026-09-28,https://seats.aero/search?origins=YVR&destinations=NRT
YVR-NRT,flyingblue,Y,1,USD,3,59500,138500,138500,285.10,KL,2026-10-11,2026-11-24,2026-09-28,2026-09-28,https://seats.aero/search?origins=YVR&destinations=NRT
YVR-NRT,united,Y,1,USD,18,55000,55000,60500,66.83,UA,2026-10-02,2026-11-12,2026-09-27,2026-09-28,https://seats.aero/search?origins=YVR&destinations=NRT
YYZ-AUH,aeroplan,J,0,CAD,27,214900,214900,214900,120.52,EY,2026-10-05,2026-11-18,2026-09-22,2026-09-28,https://seats.aero/search?origins=YYZ&destinations=AUH
YYZ-AUH,aeroplan,J,1,CAD,6,132800,199300,231200,154.12,EY/UA,2026-10-05,2026-10-20,2026-09-27,2026-09-28,https://seats.aero/search?origins=YYZ&destinations=AUH
YYZ-AUH,aeroplan,Y,0,CAD,34,77400,77400,77400,120.52,EY,2026-10-01,2026-11-18,2026-09-22,2026-09-28,https://seats.aero/search?origins=YYZ&destinations=AUH
YYZ-AUH,aeroplan,Y,1,CAD,43,44798,50832,77915,154.22,AC/EY/UA,2026-09-29,2026-11-18,2026-09-22,2026-09-28,https://seats.aero/search?origins=YYZ&destinations=AUH
YYZ-AUH,etihad,J,0,USD,1,120000,120000,120000,602.80,EY,2026-11-26,2026-11-26,2026-09-28,2026-09-28,https://seats.aero/search?origins=YYZ&destinations=AUH
YYZ-AUH,etihad,J,1,USD,7,140000,140000,159999,659.43,AC/EY,2026-10-20,2026-11-25,2026-09-28,2026-09-28,https://seats.aero/search?origins=YYZ&destinations=AUH
YYZ-AUH,etihad,Y,0,USD,57,60000,60000,60000,247.80,EY,2026-09-29,2026-11-26,2026-09-28,2026-09-28,https://seats.aero/search?origins=YYZ&destinations=AUH
YYZ-AUH,etihad,Y,1,USD,55,66000,66000,87000,304.43,AC/EY,2026-09-29,2026-11-26,2026-09-28,2026-09-28,https://seats.aero/search?origins=YYZ&destinations=AUH
YYZ-AUH,flyingblue,Y,1,USD,8,48500,55200,56000,153.30,EY/SK,2026-09-29,2026-11-16,2026-09-24,2026-09-28,https://seats.aero/search?origins=YYZ&destinations=AUH
YYZ-LHR,aeroplan,J,1,CAD,21,75000,155170,176444,151.32,AC,2026-10-12,2026-11-26,2026-09-28,2026-09-28,https://seats.aero/search?origins=YYZ&destinations=LHR
YYZ-LHR,aeroplan,Y,0,CAD,57,33890,47641,67666,79.62,AC,2026-09-29,2026-11-26,2026-09-28,2026-09-28,https://seats.aero/search?origins=YYZ&destinations=LHR
YYZ-LHR,aeroplan,Y,1,CAD,58,32842,33025,74611,152.22,AC/AZ/LH/LO/LX/UA/VL,2026-09-29,2026-11-26,2026-09-28,2026-09-28,https://seats.aero/search?origins=YYZ&destinations=LHR
YYZ-LHR,etihad,Y,0,USD,27,45000,45000,45000,56.40,AC,2026-10-04,2026-11-26,2026-09-28,2026-09-28,https://seats.aero/search?origins=YYZ&destinations=LHR
YYZ-LHR,etihad,Y,1,USD,25,45000,45000,59000,86.90,AC,2026-10-06,2026-11-26,2026-09-28,2026-09-28,https://seats.aero/search?origins=YYZ&destinations=LHR
YYZ-LHR,flyingblue,J,0,USD,1,69500,69500,69500,261.20,VS,2026-10-05,2026-10-05,2026-09-28,2026-09-28,https://seats.aero/search?origins=YYZ&destinations=LHR
YYZ-LHR,flyingblue,J,1,USD,24,60000,93500,111000,393.80,KL,2026-10-06,2026-11-14,2026-09-24,2026-09-28,https://seats.aero/search?origins=YYZ&destinations=LHR
YYZ-LHR,flyingblue,Y,0,USD,28,23500,23500,24000,113.30,VS,2026-09-29,2026-11-14,2026-09-24,2026-09-28,https://seats.aero/search?origins=YYZ&destinations=LHR
YYZ-LHR,flyingblue,Y,1,USD,38,25000,25000,73500,189.00,AF/KL,2026-09-29,2026-11-14,2026-09-24,2026-09-28,https://seats.aero/search?origins=YYZ&destinations=LHR
YYZ-LHR,united,J,1,USD,4,88000,88000,88000,80.50,LH/VL,2026-10-12,2026-11-04,2026-09-21,2026-09-28,https://seats.aero/search?origins=YYZ&destinations=LHR
YYZ-LHR,united,Y,0,USD,20,44000,44000,44000,56.70,AC,2026-10-04,2026-11-12,2026-09-21,2026-09-28,https://seats.aero/search?origins=YYZ&destinations=LHR
YYZ-LHR,united,Y,1,USD,43,40000,40000,67200,80.23,AC/UA,2026-09-29,2026-11-12,2026-09-21,2026-09-28,https://seats.aero/search?origins=YYZ&destinations=LHR
YYZ-YVR,aeroplan,J,0,CAD,38,47591,59598,95430,55.89,AC,2026-10-04,2026-11-19,2026-09-22,2026-09-28,https://seats.aero/search?origins=YYZ&destinations=YVR
YYZ-YVR,aeroplan,J,1,CAD,45,28400,47592,90174,55.89,AC,2026-09-29,2026-11-19,2026-09-22,2026-09-28,https://seats.aero/search?origins=YYZ&destinations=YVR
YYZ-YVR,aeroplan,Y,0,CAD,51,14720,22609,42772,55.89,AC,2026-09-29,2026-11-19,2026-09-22,2026-09-28,https://seats.aero/search?origins=YYZ&destinations=YVR
YYZ-YVR,aeroplan,Y,1,CAD,52,14720,18909.5,45770,55.89,AC,2026-09-29,2026-11-19,2026-09-22,2026-09-28,https://seats.aero/search?origins=YYZ&destinations=YVR
YYZ-YVR,etihad,Y,0,USD,3,27801,27801,27865,104.83,AC,2026-09-29,2026-11-06,2026-09-25,2026-09-28,https://seats.aero/search?origins=YYZ&destinations=YVR
YYZ-YVR,etihad,Y,1,USD,5,26869,27801,27865,105.26,AC,2026-10-03,2026-11-21,2026-09-25,2026-09-28,https://seats.aero/search?origins=YYZ&destinations=YVR
YYZ-YVR,flyingblue,J,1,USD,9,60000,60000,64500,102.38,DL,2026-10-24,2026-11-03,2026-09-18,2026-09-27,https://seats.aero/search?origins=YYZ&destinations=YVR
YYZ-YVR,flyingblue,Y,0,USD,29,19000,19000,19000,51.68,WS,2026-09-29,2026-11-18,2026-09-22,2026-09-28,https://seats.aero/search?origins=YYZ&destinations=YVR
YYZ-YVR,flyingblue,Y,1,USD,27,19500,20500,22500,51.99,WS,2026-09-29,2026-11-18,2026-09-18,2026-09-28,https://seats.aero/search?origins=YYZ&destinations=YVR
YYZ-YVR,united,J,0,USD,1,65000,65000,65000,32.20,AC,2026-11-06,2026-11-06,2026-09-24,2026-09-24,https://seats.aero/search?origins=YYZ&destinations=YVR
YYZ-YVR,united,J,1,USD,2,65000,65000,65000,32.20,AC/RV,2026-10-06,2026-10-20,2026-09-24,2026-09-24,https://seats.aero/search?origins=YYZ&destinations=YVR
YYZ-YVR,united,Y,0,USD,3,22500,22500,22500,32.20,AC,2026-09-29,2026-11-06,2026-09-24,2026-09-25,https://seats.aero/search?origins=YYZ&destinations=YVR
YYZ-YVR,united,Y,1,USD,19,22500,22500,22500,32.10,AC/RV,2026-09-29,2026-11-10,2026-09-20,2026-09-28,https://seats.aero/search?origins=YYZ&destinations=YVR
