Deliveries,Minor Model,Model ,Text Plug,Unfilled Orders,Gross Orders
0,737-7,737,,254,282
0,737-10,737,,1535,"1,682"
191,737-800A,737,,33,224
251,737-8-200,737,,191,464
348,737-9,737,,161,606
1841,737-8,737,,2637,"6,063"
5012,737-800,737,,2,"5,455"
121,767-2C,767,,68,189
278,767-300F,767,,10,287
330,777F,777,,38,406
833,777-300ER,777,,5,881
0,777-8,777X,,35,78
0,777-8F,777X,,81,81
0,777-9,777X,,542,578
143,787-10,787,,404,595
399,787-8,787,,25,671
761,787-9,787,,734,"1,674"
10508, ,Total,,6755,"20,216"
